Sektor,n,mu_PER,sigma_PER,mu_PBV,sigma_PBV
Basic Materials,78,28.620487179487125,43.084087337827846,1.5744102564102564,1.8087138318727274
Consumer Cyclicals,82,39.50995121951209,55.464288092674394,2.1977439024390244,2.708793471161433
Consumer Non-Cyclicals,96,34.16024999999987,55.49827800173483,2.810302083333333,2.985784308915169
Energy,66,39.612909090909,55.88718962193148,2.8715454545454544,3.166548366824761
Financials,82,35.142585365853584,47.64560043942498,1.4409756097560975,1.801952719783747
Healthcare,32,55.64987499999974,74.55141729976121,2.55303125,2.182103564621503
Industrials,42,31.637238095238043,44.88025628584769,2.3716904761904765,2.830840980690343
Infrastructures,40,37.8461999999999,55.46920232456058,2.3820249999999996,2.5805382214141854
Properties & Real Estate,52,39.80980769230769,44.656753545429105,1.301346153846154,1.3201411523552244
Technology,29,75.96068965517206,83.53990224228261,3.0582068965517237,3.223836128626338
Transportation & Logistic,28,44.34457142857128,64.48023096608058,1.6709642857142857,1.9496167046303088
